{
  "center": {
    "mean": 0.7104670041004202,
    "std": 3.025931101800885,
    "min": -1.7964526161286836,
    "max": 5.902506877919596,
    "runs": [
      -1.7532769579539502,
      0.7397798858684165,
      -1.7558853792059002,
      0.7334384210812223,
      -1.7577941410736662,
      -1.7810646375371522,
      -1.7422314924501474,
      5.391494203656248,
      0.7574014764079309,
      5.601602697642464,
      0.6736103826492807,
      -1.7658925872754958,
      -1.772826175455291,
      -1.7964526161286836,
      0.7763130098778107,
      -1.7671446987142083,
      5.902506877919596,
      5.508954475623076,
      -1.7822179587936136,
      5.799025295870465
    ]
  },
  "left": {
    "mean": 5.0487890641069875,
    "std": 1.6658961347142478,
    "min": -2.1871741117819954,
    "max": 5.584925655075918,
    "runs": [
      5.5714815690602055,
      5.580259972675204,
      5.2431708696155575,
      5.567942385561074,
      5.4331576007431925,
      5.28998977701022,
      5.404603933378197,
      5.532392604237107,
      5.279951637832781,
      -2.1871741117819954,
      5.566636286724357,
      5.499492670509476,
      5.5271992979182665,
      5.2561617160599114,
      5.563901940171956,
      5.068100504123715,
      5.391221126341939,
      5.389475510497598,
      5.412890336385065,
      5.584925655075918
    ]
  },
  "right": {
    "mean": 4.60387514969298,
    "std": 0.19209962462172886,
    "min": 4.105014052283208,
    "max": 5.022945882714155,
    "runs": [
      4.797261914750426,
      4.631393709159017,
      4.400367659757157,
      4.644991739493935,
      4.726604903273927,
      4.105014052283208,
      4.370870796670375,
      4.4740490925283725,
      4.587113013193764,
      4.750374485563422,
      4.760261986032428,
      4.602777561795987,
      4.577523500568591,
      5.022945882714155,
      4.700842415121726,
      4.492367259348278,
      4.402073107690646,
      4.684465329260194,
      4.774484869902597,
      4.57171971475139
    ]
  },
  "deep_start": {
    "mean": -2.996349440611585,
    "std": 1.2249674643019879,
    "min": -3.8635222318390925,
    "max": 0.09367469311943045,
    "runs": [
      -1.1367234011241742,
      0.09367469311943045,
      -3.8635222318390925,
      -3.6164375276183005,
      -3.6041243437924857,
      -1.2985266922908347,
      -1.1752226791731317,
      -3.717075932572061,
      -3.6575255727158535,
      -1.108421731267003,
      -3.6012480974558883,
      -3.670789054851222,
      -3.6762864684551326,
      -3.6155211861758696,
      -3.6800161035619796,
      -3.600411474380396,
      -3.7794746181057146,
      -3.7525229289288955,
      -3.797603777313075,
      -3.66920968373002
    ]
  },
  "close_defender": {
    "mean": 2.351728983371604,
    "std": 4.360723167592529,
    "min": -1.2791304860563326,
    "max": 9.839637008427198,
    "runs": [
      -1.2791304860563326,
      1.2401289155277762,
      -1.2772861272834972,
      1.3518938674730965,
      -1.2516516310312786,
      -1.1740610642856897,
      1.2413541190442996,
      9.661399951177984,
      -1.2724055518474102,
      9.661495481942552,
      9.46788091790708,
      -1.2790978630734549,
      -1.2435881587602913,
      1.2244301205412602,
      9.839637008427198,
      9.711654399308301,
      1.2168370473411592,
      1.2208196516691134,
      1.227428829669951,
      -1.2531597602597355
    ]
  }
}