{
  "center": {
    "mean": -1.3861476891468116,
    "std": 1.6608908598903185,
    "min": -1.8501415328199595,
    "max": 5.8506152808977205,
    "runs": [
      -1.7350411061176543,
      -1.7240255636423596,
      -1.6796219876213447,
      -1.7280866018588132,
      -1.7481584260757097,
      -1.7893330526829698,
      -1.7964126397825142,
      -1.8271003046814518,
      -1.8337733304656232,
      5.8506152808977205,
      -1.8385213331166539,
      -1.8501415328199595,
      -1.787772073647865,
      -1.7222139581163782,
      -1.818799477819137,
      -1.715964393391429,
      -1.762565981875236,
      -1.73492160023227,
      -1.7346776852183339,
      -1.7464380146682552
    ]
  },
  "left": {
    "mean": 4.262880559312483,
    "std": 2.7155097913840436,
    "min": -2.2098007789767355,
    "max": 5.609792000356155,
    "runs": [
      5.529630750031826,
      5.1725115998505515,
      5.228959606550753,
      -2.1686562272272494,
      5.609792000356155,
      5.328895630790672,
      5.323526410682345,
      5.353354851727653,
      5.327757966576218,
      5.55184690044138,
      5.493960745187704,
      5.306182042594103,
      -2.2098007789767355,
      5.475137375699262,
      5.529126592979991,
      5.552446520800434,
      -2.2074190280114236,
      5.418439271751496,
      5.2342748657752765,
      5.407644088669266
    ]
  },
  "right": {
    "mean": 4.659065661357945,
    "std": 0.15359732560814043,
    "min": 4.436881913879284,
    "max": 5.022244790154239,
    "runs": [
      4.535625797815865,
      4.512516648159455,
      4.694357937899858,
      4.52911692552826,
      4.556564915641734,
      4.8536028127782656,
      4.672474890202277,
      4.545306716728664,
      4.844946367001656,
      4.436881913879284,
      4.748476663289517,
      4.604927453525751,
      4.704699104589495,
      4.759463860981569,
      4.771009968874119,
      4.732494315525879,
      4.759461894942427,
      5.022244790154239,
      4.44777371277273,
      4.449366536867875
    ]
  },
  "deepstart": {
    "mean": -3.6814764950546754,
    "std": 0.07063980917274224,
    "min": -3.8309408360931574,
    "max": -3.5903549223849613,
    "runs": [
      -3.787694837811511,
      -3.653594364943337,
      -3.6515143768556992,
      -3.712623251577225,
      -3.7328919981595625,
      -3.6188348832574135,
      -3.7458310544668327,
      -3.6931952489220996,
      -3.8309408360931574,
      -3.616374179456985,
      -3.602214125830688,
      -3.7824212373028434,
      -3.6933914519650215,
      -3.7522540549203818,
      -3.606684449163209,
      -3.6003670178235567,
      -3.6020189294402982,
      -3.6806953810479652,
      -3.675633299670761,
      -3.5903549223849613
    ]
  }
}