{
  "center": {
    "mean": 5.144879166223622,
    "std": 9.571143519168011,
    "min": -1.1968178824172826,
    "max": 19.919196245086695,
    "runs": [
      -1.0768044759487105,
      19.734778202048783,
      -1.0072763336030393,
      -1.0577368795374626,
      -1.083064088903784,
      19.919196245086695,
      -0.9559823377369372,
      -1.164546366602793,
      -1.1887540161772123,
      -1.1889720728387956,
      -1.1469573438549272,
      -1.0969464547591492,
      19.603067576969295,
      19.74731226894881,
      -1.1968178824172826,
      -1.193042646471074,
      19.86697469386618,
      -1.173862502879463,
      -1.1585769633110008,
      19.71559470259431
    ]
  },
  "left": {
    "mean": 2.0113267209670984,
    "std": 7.057112945364513,
    "min": -1.1160354374816115,
    "max": 18.942198962322223,
    "runs": [
      -1.0934221713599148,
      -0.8881592137061556,
      -0.9476252899100179,
      -0.8925431961328618,
      -1.1160354374816115,
      -0.7267851668438681,
      18.942198962322223,
      -1.0838161439659217,
      -1.03898148440464,
      -0.7031188124552399,
      18.786854094442408,
      -1.0420864038373112,
      -1.0405887944668375,
      -0.9322085599124479,
      -0.8041653907548476,
      18.69506522770902,
      -0.796007292203333,
      -1.0341736423126642,
      -1.0065106465109086,
      -1.0513562188731005
    ]
  },
  "right": {
    "mean": 2.9056115068218773,
    "std": 7.83805293948964,
    "min": -1.1796931535602024,
    "max": 18.71406263269234,
    "runs": [
      18.454193442387428,
      -1.1439139043299906,
      -1.1051907499295177,
      -0.5117696220808787,
      -1.0488839124685907,
      18.71406263269234,
      -1.0173337140157652,
      -1.163105342020182,
      -1.1796931535602024,
      -0.9537259537786953,
      -1.1153383894116446,
      -1.1087931847035946,
      -0.9478102146994536,
      -1.1089552268715461,
      -0.9798801274606364,
      -0.913317383471087,
      18.595377305530768,
      18.552022485056938,
      -0.8498222623591265,
      -1.0558925880690126
    ]
  },
  "deepStart": {
    "mean": -0.030938820271307853,
    "std": 5.203094948743744,
    "min": -3.8999923333928823,
    "max": 7.231452660657381,
    "runs": [
      6.909231718702504,
      -3.779846913350216,
      7.231452660657381,
      -3.8743154353816216,
      -3.7950371243674805,
      6.955613628320594,
      -3.8478678800047907,
      -3.8479502769550864,
      -3.8636145548705385,
      7.1253643514378435,
      -3.8589791781312606,
      -3.8999923333928823,
      7.116785985054393,
      -3.8692946193587936,
      -3.813358056184112,
      -3.848878868790081,
      7.070459908707032,
      -3.873962315158086,
      -3.859466696654188,
      7.004879594293231
    ]
  }
}