{
  "center_start": {
    "mean": 2.4427897695497203,
    "std": 1.5736742120203873,
    "min": -1.775957515173535,
    "max": 3.3940296640363927,
    "runs": [
      2.7949505963906414,
      3.283975744643298,
      3.2121944366745585,
      3.2923137122001647,
      3.128637761434079,
      -1.775957515173535,
      3.020712619820177,
      0.8584178279644695,
      3.2186228475069587,
      3.3940296640363927
    ]
  },
  "left_flank": {
    "mean": -1.5401523747109125,
    "std": 0.2188030364627267,
    "min": -1.8265485968812665,
    "max": -1.171659452490068,
    "runs": [
      -1.3994930926542177,
      -1.8265485968812665,
      -1.5416748845429193,
      -1.403250288662923,
      -1.171659452490068,
      -1.2251448899537831,
      -1.6721927514846815,
      -1.7909705447848727,
      -1.7040249412478814,
      -1.6665643044065124
    ]
  },
  "right_flank": {
    "mean": -1.5772263269542,
    "std": 0.1799562664693512,
    "min": -1.9419903540088523,
    "max": -1.3225893091647614,
    "runs": [
      -1.3283011417963053,
      -1.6416272690837277,
      -1.7488771316066063,
      -1.6496423096794826,
      -1.459149962961775,
      -1.57206093824056,
      -1.9419903540088523,
      -1.3225893091647614,
      -1.4830054184434618,
      -1.6250194345564677
    ]
  },
  "deep_start": {
    "mean": -0.49166434874319187,
    "std": 0.8979516403192043,
    "min": -3.1522822598789766,
    "max": 0.028078064881367867,
    "runs": [
      -0.039451056408219665,
      0.028078064881367867,
      -0.2782153653639464,
      -3.1522822598789766,
      -0.11958666395764006,
      -0.29729835065836174,
      -0.19448301440771631,
      -0.5016104698067841,
      -0.2370498045570565,
      -0.12474456727458533
    ]
  }
}